,title,author,genre,year
1173,Words of Radiance,Brandon Sanderson,Non-Fiction,2014
1000,Clockwork Angel; Clockwork Prince; Clockwork Princess,Cassandra Clare,Non-Fiction,2013
1081,"Fullmetal Alchemist, Vol. 20",Hiromu Arakawa,Sci Fi,2008
139,Harry Potter and the Deathly Hallows,J.K. Rowling,Fantasy,2007
223,The Way of Kings,Brandon Sanderson,Sci Fi,2010
104,A Court of Mist and Fury,Sarah J. Maas,Non-Fiction,2016
730,Last Stand of Dead Men,Derek Landy,Sci Fi,2013
427,The Last Question,Isaac Asimov,Fantasy,1956
750,"Fullmetal Alchemist, Vol. 6",Hiromu Arakawa,Non-Fiction,2003
238,The Last Question,Isaac Asimov,Non-Fiction,1956
158,Tiamat's Wrath,James S.A. Corey,Sci Fi,2019
1019,Crooked Kingdom,Leigh Bardugo,Non-Fiction,2016
921,Magic Triumphs,Ilona Andrews,Non-Fiction,2018
210,Harry Potter and the Half-Blood Prince,J.K. Rowling,Fantasy,2005
451,"Saga, Vol. 9",Brian K. Vaughan,Fantasy,2018
56,Tiamat's Wrath,James S.A. Corey,Sci Fi,2019
1186,Tiamat's Wrath,James S.A. Corey,Non-Fiction,2019
1144,Magic Triumphs,Ilona Andrews,Non-Fiction,2018
319,"Saga, Vol. 9",Brian K. Vaughan,Fantasy,2018
769,"Fullmetal Alchemist, Vol. 7",Hiromu Arakawa,Sci Fi,2004
750,Tiamat's Wrath,James S.A. Corey,Non-Fiction,2019
60,Crooked Kingdom,Leigh Bardugo,Non-Fiction,2016
310,Harry Potter and the Prisoner of Azkaban,J.K. Rowling,Fantasy,1999
814,"Fullmetal Alchemist, Vol. 8",Hiromu Arakawa,Non-Fiction,2004
34,Harry Potter and the Prisoner of Azkaban,J.K. Rowling,Non-Fiction,1999
671,"Saga, Vol. 9",Brian K. Vaughan,Non-Fiction,2018
684,"Fullmetal Alchemist, Vol. 5",Hiromu Arakawa,Non-Fiction,2003
601,"Fullmetal Alchemist, Vol. 3",Hiromu Arakawa,Sci Fi,2002
204,Harry Potter and the Goblet of Fire,J.K. Rowling,Non-Fiction,2000
541,Clockwork Princess,Cassandra Clare,Non-Fiction,2013
624,Clockwork Princess,Cassandra Clare,Non-Fiction,2013
295,Clockwork Princess,Cassandra Clare,Fantasy,2013
694,Kingdom of Ash,Sarah J. Maas,Non-Fiction,2018
776,Skin Game,Jim Butcher,Sci Fi,2014
16,Clockwork Princess,Cassandra Clare,Non-Fiction,2013
1047,Magic Binds,Ilona Andrews,Non-Fiction,2016
623,"Fullmetal Alchemist, Vol. 4",Hiromu Arakawa,Sci Fi,2003
1185,"Attack on Titan, Vol. 12",Hajime Isayama,Non-Fiction,2013
518,Magic Binds,Ilona Andrews,Sci Fi,2016
1163,Les Disparus du Clairdelune,Christelle Dabos,Fantasy,2015
127,Queen of Shadows,Sarah J. Maas,Non-Fiction,2015
685,Sweep of the Blade,Ilona Andrews,Sci Fi,2018
31,Written in My Own Heart's Blood,Diana Gabaldon,Sci Fi,2014
480,The House in the Cerulean Sea,T.J. Klune,Non-Fiction,2020
80,The Return of the King,J.R.R. Tolkien,Non-Fiction,1955
194,Sweep of the Blade,Ilona Andrews,Fantasy,2018
82,A Storm of Swords,George R.R. Martin,Sci Fi,2000
258,Empire of Storms,Sarah J. Maas,Fantasy,2016
559,"Fullmetal Alchemist, Vol. 2",Hiromu Arakawa,Non-Fiction,2002
1148,"Attack on Titan, Vol. 11",Hajime Isayama,Fantasy,2013
82,"Transmetropolitan, Vol. 10: One More Time",Warren Ellis,Fantasy,2004
126,"Saga, Vol. 2",Brian K. Vaughan,Non-Fiction,2013
1103,進撃の巨人 10 [Shingeki no Kyojin 10,Hajime Isayama,Sci Fi,2013
96,"Saga, Vol. 2",Brian K. Vaughan,Non-Fiction,2013
82,"Saga, Vol. 2",Brian K. Vaughan,Non-Fiction,2013
365,The Walking Dead Compendium 2,Robert Kirkman,Non-Fiction,2012
658,The Name of the Wind,Patrick Rothfuss,Non-Fiction,2007
1088,"Saga, Vol. 2",Brian K. Vaughan,Sci Fi,2013
163,Skyward,Brandon Sanderson,Sci Fi,2018
691,Skyward,Brandon Sanderson,Non-Fiction,2018
1104,進撃の巨人 8 [Shingeki no Kyojin 8,Hajime Isayama,Sci Fi,2012
106,"Saga, Vol. 3",Brian K. Vaughan,Non-Fiction,2014
362,The Creeping Shadow,Jonathan Stroud,Non-Fiction,2016
353,Wildfire,Ilona Andrews,Non-Fiction,2017
97,"Saga, Vol. 3",Brian K. Vaughan,Non-Fiction,2014
684,Skyward,Brandon Sanderson,Non-Fiction,2018
1050,Emerald Blaze,Ilona Andrews,Sci Fi,2020
1086,"Saga, Vol. 3",Brian K. Vaughan,Fantasy,2014
78,Skyward,Brandon Sanderson,Sci Fi,2018
688,Skyward,Brandon Sanderson,Non-Fiction,2018
840,The Creeping Shadow,Jonathan Stroud,Non-Fiction,2016
585,Skyward,Brandon Sanderson,Sci Fi,2018
150,"Saga, Vol. 3",Brian K. Vaughan,Non-Fiction,2014
885,"Saga, Vol. 7",Brian K. Vaughan,Fantasy,2017
623,The Lord of the Rings,J.R.R. Tolkien,Non-Fiction,1955
613,The Last Olympian,Rick Riordan,Non-Fiction,2009
1049,The Last Olympian,Rick Riordan,Sci Fi,2009
1083,The Winter of the Witch,Katherine Arden,Sci Fi,2019
295,"Saga, Vol. 7",Brian K. Vaughan,Sci Fi,2017
979,"Attack on Titan, Vol. 2",Hajime Isayama,Sci Fi,2010
1035,"Fullmetal Alchemist, Vol. 1",Hiromu Arakawa,Non-Fiction,2002
230,Harry Potter and the Order of the Phoenix,J.K. Rowling,Fantasy,2003
786,"Attack on Titan, Vol. 2",Hajime Isayama,Non-Fiction,2010
778,Obsidio,Amie Kaufman,Non-Fiction,2018
224,"Saga, Vol. 7",Brian K. Vaughan,Non-Fiction,2017
210,Obsidio,Amie Kaufman,Fantasy,2018
112,"Saga, Vol. 7",Brian K. Vaughan,Non-Fiction,2017
309,"Fullmetal Alchemist, Vol. 1",Hiromu Arakawa,Non-Fiction,2002
549,ワンパンマン 1 [Wanpanman 1,ONE,Non-Fiction,2012
1150,Obsidio,Amie Kaufman,Sci Fi,2018
266,Obsidio,Amie Kaufman,Non-Fiction,2018
779,Obsidio,Amie Kaufman,Sci Fi,2018
1000,進撃の巨人 7 [Shingeki no Kyojin 7,Hajime Isayama,Non-Fiction,2012
1185,An Author's Odyssey,Chris Colfer,Non-Fiction,2016
415,Born of Silence,Sherrilyn Kenyon,Non-Fiction,2012
917,Night Watch,Terry Pratchett,Non-Fiction,2002
681,The Hero of Ages,Brandon Sanderson,Fantasy,2008
1154,Magic Breaks,Ilona Andrews,Sci Fi,2014
1011,"Attack on Titan, Vol. 6",Hajime Isayama,Sci Fi,2011
1056,White Hot,Ilona Andrews,Non-Fiction,2017
1057,Magic Breaks,Ilona Andrews,Sci Fi,2014
186,The Hunger Games Trilogy Boxset,Suzanne Collins,Non-Fiction,2008
392,Magic Breaks,Ilona Andrews,Non-Fiction,2014
530,Morning Star,Pierce Brown,Fantasy,2016
134,Night Watch,Terry Pratchett,Non-Fiction,2002
509,The Hero of Ages,Brandon Sanderson,Non-Fiction,2008
110,Harry Potter and the Sorcerer's Stone,J.K. Rowling,Fantasy,1997
927,The Hero of Ages,Brandon Sanderson,Non-Fiction,2008
806,The Hunger Games Trilogy Boxset,Suzanne Collins,Sci Fi,2008
355,White Hot,Ilona Andrews,Sci Fi,2017
100,Morning Star,Pierce Brown,Non-Fiction,2016
616,Morning Star,Pierce Brown,Non-Fiction,2016
1225,Magic Breaks,Ilona Andrews,Non-Fiction,2014
125,Morning Star,Pierce Brown,Non-Fiction,2016
222,Morning Star,Pierce Brown,Non-Fiction,2016
187,UnDivided,Neal Shusterman,Non-Fiction,2014
64,One Fell Sweep,Ilona Andrews,Sci Fi,2016
361,One Fell Sweep,Ilona Andrews,Non-Fiction,2016
166,"Saga, Vol. 6",Brian K. Vaughan,Sci Fi,2016
242,"Saga, Vol. 6",Brian K. Vaughan,Non-Fiction,2016
78,"Transmetropolitan, Vol. 8: Dirge",Warren Ellis,Non-Fiction,2003
1239,約束のネバーランド 1 [Yakusoku no Neverland 1,Kaiu Shirai,Non-Fiction,2016
791,"Saga, Vol. 6",Brian K. Vaughan,Sci Fi,2016
200,"Saga, Vol. 6",Brian K. Vaughan,Sci Fi,2016
269,"Saga, Vol. 8",Brian K. Vaughan,Non-Fiction,2017
701,"Saga, Vol. 8",Brian K. Vaughan,Non-Fiction,2017
580,Cold Days,Jim Butcher,Non-Fiction,2012
344,Muse of Nightmares,Laini Taylor,Fantasy,2018
774,Thunderhead,Neal Shusterman,Sci Fi,2018
103,"Akira, Vol. 2",Katsuhiro Otomo,Sci Fi,1984
1153,Lord of Shadows,Cassandra Clare,Non-Fiction,2017
680,Gemina,Amie Kaufman,Non-Fiction,2016
163,Heir of Fire,Sarah J. Maas,Sci Fi,2014
1001,"Attack on Titan, Vol. 5",Hajime Isayama,Non-Fiction,2011
399,"Saga, Vol. 8",Brian K. Vaughan,Fantasy,2017
1158,"The Walking Dead, Vol. 8: Made to Suffer",Robert Kirkman,Sci Fi,2008
1053,Gemina,Amie Kaufman,Fantasy,2016
112,Thunderhead,Neal Shusterman,Non-Fiction,2018
326,Gemina,Amie Kaufman,Non-Fiction,2016
1136,"Nausicaä of the Valley of the Wind, Vol. 1",Hayao Miyazaki,Non-Fiction,1982
182,"The Walking Dead, Vol. 8: Made to Suffer",Robert Kirkman,Fantasy,2008
572,Gemina,Amie Kaufman,Non-Fiction,2016
1146,Heir of Fire,Sarah J. Maas,Fantasy,2014
739,Gemina,Amie Kaufman,Sci Fi,2016
191,Gemina,Amie Kaufman,Non-Fiction,2016
461,"Saga, Vol. 8",Brian K. Vaughan,Non-Fiction,2017
308,Kiss of Snow,Nalini Singh,Fantasy,2011
424,Gemina,Amie Kaufman,Non-Fiction,2016
493,Thunderhead,Neal Shusterman,Fantasy,2018
1167,Magic Rises,Ilona Andrews,Non-Fiction,2013
102,Kings Rising,C.S. Pacat,Non-Fiction,2016
554,The Stand: Captain Trips,Roberto Aguirre-Sacasa,Non-Fiction,2009
1173,Ever After,Kim Harrison,Sci Fi,2013
906,Ever After,Kim Harrison,Non-Fiction,2013
218,Heart of Obsidian,Nalini Singh,Non-Fiction,2013
216,Magic Rises,Ilona Andrews,Sci Fi,2013
424,Magic Bleeds,Ilona Andrews,Sci Fi,2010
896,The Final Empire,Brandon Sanderson,Non-Fiction,2006
910,The Mark of Athena,Rick Riordan,Fantasy,2012
346,Dark Age,Pierce Brown,Sci Fi,2019
1202,Golden Son,Pierce Brown,Fantasy,2015
1189,"Saga, Vol. 4",Brian K. Vaughan,Non-Fiction,2014
389,The Final Empire,Brandon Sanderson,Sci Fi,2006
1217,Magic Bleeds,Ilona Andrews,Fantasy,2010
745,Magic Bleeds,Ilona Andrews,Sci Fi,2010
753,Dark Age,Pierce Brown,Non-Fiction,2019
221,Golden Son,Pierce Brown,Non-Fiction,2015
12,A Game of Thrones,George R.R. Martin,Non-Fiction,1996
206,"Saga, Vol. 4",Brian K. Vaughan,Sci Fi,2014
74,"Transmetropolitan, Vol. 9: The Cure",Warren Ellis,Sci Fi,2003
298,The Final Empire,Brandon Sanderson,Fantasy,2006
147,"Saga, Vol. 4",Brian K. Vaughan,Sci Fi,2014
89,Golden Son,Pierce Brown,Non-Fiction,2015
1016,Starsight,Brandon Sanderson,Non-Fiction,2019
239,Starsight,Brandon Sanderson,Fantasy,2019
190,The Two Towers,J.R.R. Tolkien,Fantasy,1954
105,Golden Son,Pierce Brown,Non-Fiction,2015
338,House of Earth and Blood,Sarah J. Maas,Sci Fi,2020
127,"Saga, Vol. 4",Brian K. Vaughan,Non-Fiction,2014
383,Golden Son,Pierce Brown,Sci Fi,2015
484,Starsight,Brandon Sanderson,Non-Fiction,2019
127,The Walking Dead Compendium 1,Robert Kirkman,Sci Fi,2009
239,Starsight,Brandon Sanderson,Non-Fiction,2019
957,The Walking Dead Compendium 1,Robert Kirkman,Fantasy,2009
200,A Court of Wings and Ruin,Sarah J. Maas,Fantasy,2017
625,Clockwork Prince,Cassandra Clare,Non-Fiction,2011
13,Clockwork Prince,Cassandra Clare,Non-Fiction,2011
133,Winter,Marissa Meyer,Fantasy,2015
317,Network Effect,Martha Wells,Fantasy,2020
115,Winter,Marissa Meyer,Fantasy,2015
897,"Attack on Titan, Vol. 3",Hajime Isayama,Non-Fiction,2010
814,"Attack on Titan, Vol. 1",Hajime Isayama,Fantasy,2010
362,Clockwork Prince,Cassandra Clare,Fantasy,2011
17,Network Effect,Martha Wells,Sci Fi,2020
165,Winter,Marissa Meyer,Sci Fi,2015
20,Winter,Marissa Meyer,Fantasy,2015
491,Winter,Marissa Meyer,Non-Fiction,2015
696,Death's End,Liu Cixin,Non-Fiction,2010
818,Death's End,Liu Cixin,Sci Fi,2010
168,Network Effect,Martha Wells,Sci Fi,2020
309,Harry Potter and the Chamber of Secrets,J.K. Rowling,Non-Fiction,1998
949,Winter,Marissa Meyer,Fantasy,2015
304,Magic Strikes,Ilona Andrews,Non-Fiction,2009
98,Winter,Marissa Meyer,Fantasy,2015
820,Demon from the Dark,Kresley Cole,Non-Fiction,2010
1007,Network Effect,Martha Wells,Sci Fi,2020
377,Clockwork Prince,Cassandra Clare,Fantasy,2011
499,"Attack on Titan, Vol. 1",Hajime Isayama,Fantasy,2010
1247,"Attack on Titan, Vol. 3",Hajime Isayama,Non-Fiction,2010
13,Death's End,Liu Cixin,Non-Fiction,2010
383,Death's End,Liu Cixin,Sci Fi,2010
440,"Orange: The Complete Collection, Volume 1",Ichigo Takano,Non-Fiction,2016
314,Death's End,Liu Cixin,Sci Fi,2010
17,A Breath of Snow and Ashes,Diana Gabaldon,Sci Fi,2005
22,An Echo in the Bone,Diana Gabaldon,Non-Fiction,2009
305,Winter,Marissa Meyer,Non-Fiction,2015
373,Archangel's Enigma,Nalini Singh,Non-Fiction,2015
483,"Attack on Titan, Vol. 1",Hajime Isayama,Sci Fi,2010
540,Network Effect,Martha Wells,Sci Fi,2020
814,Magic Strikes,Ilona Andrews,Sci Fi,2009
1217,A Breath of Snow and Ashes,Diana Gabaldon,Non-Fiction,2005
1079,Network Effect,Martha Wells,Fantasy,2020
1088,Pale Demon,Kim Harrison,Non-Fiction,2011
139,"Saga, Vol. 5",Brian K. Vaughan,Non-Fiction,2015
28,Cress,Marissa Meyer,Sci Fi,2014
968,Cress,Marissa Meyer,Sci Fi,2014
73,"Transmetropolitan, Vol. 6: Gouge Away",Warren Ellis,Sci Fi,2002
66,Cress,Marissa Meyer,Fantasy,2014
125,Cress,Marissa Meyer,Sci Fi,2014
559,Memory,Lois McMaster Bujold,Sci Fi,1996
62,Memory,Lois McMaster Bujold,Sci Fi,1996
510,Firelight,Kazu Kibuishi,Non-Fiction,2016
982,"Attack on Titan, Vol. 4",Hajime Isayama,Fantasy,2011
1087,Storm Cursed,Patricia Briggs,Sci Fi,2019
207,Cress,Marissa Meyer,Non-Fiction,2014
403,Cress,Marissa Meyer,Sci Fi,2014
1239,"Attack on Titan, Vol. 4",Hajime Isayama,Fantasy,2011
620,The Son of Neptune,Rick Riordan,Non-Fiction,2011
640,Six of Crows,Leigh Bardugo,Non-Fiction,2015
1056,Magic Shifts,Ilona Andrews,Non-Fiction,2015
843,City of Heavenly Fire,Cassandra Clare,Non-Fiction,2014
106,Captive Prince: Volume Two,C.S. Pacat,Fantasy,2012
429,"The Walking Dead, Book Three",Robert Kirkman,Fantasy,2007
42,Cress,Marissa Meyer,Sci Fi,2014
90,Cress,Marissa Meyer,Fantasy,2014
739,Six of Crows,Leigh Bardugo,Non-Fiction,2015
685,Supernova,Marissa Meyer,Sci Fi,2019
261,Magic Shifts,Ilona Andrews,Fantasy,2015
182,"Saga, Vol. 5",Brian K. Vaughan,Non-Fiction,2015
943,"Saga, Vol. 5",Brian K. Vaughan,Non-Fiction,2015
1146,Magic Shifts,Ilona Andrews,Non-Fiction,2015
27,Six of Crows,Leigh Bardugo,Non-Fiction,2015
362,Memory,Lois McMaster Bujold,Non-Fiction,1996
177,"Saga, Vol. 5",Brian K. Vaughan,Non-Fiction,2015
61,"Transmetropolitan, Vol. 5: Lonely City",Warren Ellis,Non-Fiction,2001
739,A Civil Campaign,Lois McMaster Bujold,Non-Fiction,1999
1021,"Transmetropolitan, Vol. 3: Year of the Bastard",Warren Ellis,Non-Fiction,1999
65,Nemesis Games,James S.A. Corey,Non-Fiction,2015
52,"Transmetropolitan, Vol. 3: Year of the Bastard",Warren Ellis,Sci Fi,1999
1166,Night Broken,Patricia Briggs,Non-Fiction,2014
13,Nemesis Games,James S.A. Corey,Sci Fi,2015
250,The Foundation Trilogy,Isaac Asimov,Non-Fiction,1953
624,The Foundation Trilogy,Isaac Asimov,Fantasy,1953
387,The Blood of Olympus,Rick Riordan,Non-Fiction,2014
1116,The Foundation Trilogy,Isaac Asimov,Non-Fiction,1953
681,Nemesis Games,James S.A. Corey,Non-Fiction,2015
1034,Nemesis Games,James S.A. Corey,Sci Fi,2015
39,A Clash of Kings,George R.R. Martin,Non-Fiction,1998
1211,Nemesis Games,James S.A. Corey,Non-Fiction,2015
923,The Assassin and the Desert,Sarah J. Maas,Non-Fiction,2012
1184,Nemesis Games,James S.A. Corey,Non-Fiction,2015
1133,"Transmetropolitan, Vol. 5: Lonely City",Warren Ellis,Non-Fiction,2001
905,The Martian,Andy Weir,Sci Fi,2012
1177,Catharsis,Travis Bagwell,Sci Fi,2016
548,Shadowfever,Karen Marie Moning,Non-Fiction,2011
74,A Civil Campaign,Lois McMaster Bujold,Non-Fiction,1999
739,Magic Slays,Ilona Andrews,Non-Fiction,2011
930,The Dark Forest,Liu Cixin,Non-Fiction,2008
340,The Dark Forest,Liu Cixin,Fantasy,2008
34,The Golden Dynasty,Kristen Ashley,Non-Fiction,2011
253,The Martian,Andy Weir,Non-Fiction,2012
346,Iron and Magic,Ilona Andrews,Fantasy,2018
186,The Golden Dynasty,Kristen Ashley,Sci Fi,2011
515,Archangel's Heart,Nalini Singh,Fantasy,2016
183,All These Worlds,Dennis E. Taylor,Sci Fi,2017
378,Shadowfever,Karen Marie Moning,Fantasy,2011
379,Dreamfever,Karen Marie Moning,Non-Fiction,2009
196,The Dark Forest,Liu Cixin,Sci Fi,2008
533,All These Worlds,Dennis E. Taylor,Fantasy,2017
8,The Dark Forest,Liu Cixin,Non-Fiction,2008
405,All These Worlds,Dennis E. Taylor,Non-Fiction,2017
608,Magic Slays,Ilona Andrews,Sci Fi,2011
530,The Dark Forest,Liu Cixin,Non-Fiction,2008
515,Dreamfever,Karen Marie Moning,Fantasy,2009
890,Crown of Midnight,Sarah J. Maas,Non-Fiction,2013
1128,Shadowfever,Karen Marie Moning,Fantasy,2011
0,The Martian,Andy Weir,Sci Fi,2012
72,Crown of Midnight,Sarah J. Maas,Non-Fiction,2013
370,A Civil Campaign,Lois McMaster Bujold,Fantasy,1999
354,The Last Council,Kazu Kibuishi,Sci Fi,2011
213,All These Worlds,Dennis E. Taylor,Non-Fiction,2017
333,Exit Strategy,Martha Wells,Non-Fiction,2018
615,Prince of the Elves,Kazu Kibuishi,Fantasy,2012
918,The Blinding Knife,Brent Weeks,Non-Fiction,2012
834,The Winter Long,Seanan McGuire,Sci Fi,2014
1195,"Transmetropolitan, Vol. 4: The New Scum",Warren Ellis,Fantasy,2000
55,Ignite Me,Tahereh Mafi,Sci Fi,2014
219,Ignite Me,Tahereh Mafi,Non-Fiction,2014
729,"Akira, Vol. 1",Katsuhiro Otomo,Non-Fiction,1984
687,Tiger's Destiny,Colleen Houck,Sci Fi,2012
632,The Ones Who Walk Away from Omelas,Ursula K. Le Guin,Non-Fiction,1973
1222,The Language of Thorns: Midnight Tales and Dangerous Magic,Leigh Bardugo,Non-Fiction,2017
146,Exit Strategy,Martha Wells,Non-Fiction,2018
1245,"Akira, Vol. 1",Katsuhiro Otomo,Sci Fi,1984
41,"Akira, Vol. 1",Katsuhiro Otomo,Non-Fiction,1984
58,"Transmetropolitan, Vol. 4: The New Scum",Warren Ellis,Fantasy,2000
1037,From Blood and Ash,Jennifer L. Armentrout,Sci Fi,2020
13,Exit Strategy,Martha Wells,Non-Fiction,2018
172,The Bands of Mourning,Brandon Sanderson,Sci Fi,2016
577,The Battle of the Labyrinth,Rick Riordan,Non-Fiction,2008
257,Exit Strategy,Martha Wells,Non-Fiction,2018
895,The Paper Menagerie and Other Stories,Ken Liu,Sci Fi,2016
938,The King of Attolia,Megan Whalen Turner,Fantasy,2006
684,Silence Fallen,Patricia Briggs,Fantasy,2017
1130,The Paper Menagerie and Other Stories,Ken Liu,Fantasy,2016
283,Archangel's Legion,Nalini Singh,Non-Fiction,2013
1097,Light,Michael  Grant,Sci Fi,2013
841,The Assassin's Blade,Sarah J. Maas,Sci Fi,2014
1010,A Perfect Blood,Kim Harrison,Sci Fi,2012
519,Lady Midnight,Cassandra Clare,Non-Fiction,2016
255,Light,Michael  Grant,Fantasy,2013
591,Light,Michael  Grant,Fantasy,2013
619,The Invisible Life of Addie LaRue,V.E. Schwab,Non-Fiction,2020
58,The Fellowship of the Ring,J.R.R. Tolkien,Non-Fiction,1954
789,The Hollow Boy,Jonathan Stroud,Non-Fiction,2015
37,Oblivion,Jennifer L. Armentrout,Sci Fi,2015
216,For We Are Many,Dennis E. Taylor,Non-Fiction,2017
1017,The Outlaw Demon Wails,Kim Harrison,Non-Fiction,2008
922,The Assassin and the Underworld,Sarah J. Maas,Non-Fiction,2012
673,For We Are Many,Dennis E. Taylor,Non-Fiction,2017
1160,"Black Butler, Vol. 1",Yana Toboso,Non-Fiction,2007
335,Born of Shadows,Sherrilyn Kenyon,Sci Fi,2011
881,Queen of the Darkness,Anne Bishop,Non-Fiction,2000
6,Opposition,Jennifer L. Armentrout,Non-Fiction,2014
1160,Darker After Midnight,Lara Adrian,Non-Fiction,2012
945,The Outlaw Demon Wails,Kim Harrison,Sci Fi,2008
348,Endless Knight,Kresley Cole,Sci Fi,2013
1202,Hero at the Fall,Alwyn Hamilton,Non-Fiction,2017
746,Ashes of Honor,Seanan McGuire,Non-Fiction,2012
163,Endless Knight,Kresley Cole,Sci Fi,2013
370,The Hollow Boy,Jonathan Stroud,Non-Fiction,2015
230,For We Are Many,Dennis E. Taylor,Sci Fi,2017
151,For We Are Many,Dennis E. Taylor,Sci Fi,2017
334,Escape from Lucien,Kazu Kibuishi,Sci Fi,2014
480,For We Are Many,Dennis E. Taylor,Fantasy,2017
732,Voyager,Diana Gabaldon,Non-Fiction,1993
832,Opposition,Jennifer L. Armentrout,Non-Fiction,2014
5,Voyager,Diana Gabaldon,Sci Fi,1993
989,The Autumn Republic,Brian  McClellan,Non-Fiction,2015
252,The Wicked King,Holly Black,Fantasy,2019
29,Watchmen,Alan Moore,Fantasy,1987
256,The Ultimate Hitchhiker's Guide to the Galaxy,Douglas Adams,Fantasy,1996
490,Queen of Air and Darkness,Cassandra Clare,Fantasy,2018
454,Persepolis Rising,James S.A. Corey,Non-Fiction,2017
996,Kushiel's Avatar,Jacqueline Carey,Non-Fiction,2003
708,The Ultimate Hitchhiker's Guide to the Galaxy,Douglas Adams,Non-Fiction,1996
251,Watchmen,Alan Moore,Fantasy,1987
819,The Crimson Campaign,Brian  McClellan,Non-Fiction,2014
218,Kushiel's Avatar,Jacqueline Carey,Non-Fiction,2003
90,Persepolis Rising,James S.A. Corey,Non-Fiction,2017
436,The Ultimate Hitchhiker's Guide to the Galaxy,Douglas Adams,Sci Fi,1996
647,Watchmen,Alan Moore,Non-Fiction,1987
418,Aurora Burning,Amie Kaufman,Non-Fiction,2020
27,Persepolis Rising,James S.A. Corey,Sci Fi,2017
251,The Ultimate Hitchhiker's Guide to the Galaxy,Douglas Adams,Non-Fiction,1996
804,The Great Dune Trilogy,Frank Herbert,Sci Fi,1979
51,Watchmen,Alan Moore,Non-Fiction,1987
484,Aurora Burning,Amie Kaufman,Fantasy,2020
695,Inside Divergent: The Initiate's World,Veronica Roth,Non-Fiction,2014
184,Watchmen,Alan Moore,Non-Fiction,1987
448,The Cloud Searchers,Kazu Kibuishi,Fantasy,2010
528,Fire Touched,Patricia Briggs,Non-Fiction,2016
544,The Unraveling,Hugh Howey,Fantasy,2011
550,The Unraveling,Hugh Howey,Non-Fiction,2011
738,The Well of Ascension,Brandon Sanderson,Non-Fiction,2007
304,Lilith's Brood,Octavia E. Butler,Fantasy,1987
1107,The Well of Ascension,Brandon Sanderson,Non-Fiction,2007
523,Lilith's Brood,Octavia E. Butler,Non-Fiction,1987
1071,The Well of Ascension,Brandon Sanderson,Non-Fiction,2007
1003,"The Walking Dead, Book One",Robert Kirkman,Non-Fiction,2004
337,"The Walking Dead, Book Two",Robert Kirkman,Non-Fiction,2005
1174,Lilith's Brood,Octavia E. Butler,Non-Fiction,1987
913,The Well of Ascension,Brandon Sanderson,Non-Fiction,2007
514,Lilith's Brood,Octavia E. Butler,Non-Fiction,1987
5,Origin,Jennifer L. Armentrout,Fantasy,2013
153,The Queen of Nothing,Holly Black,Sci Fi,2019
258,"The Walking Dead, Book One",Robert Kirkman,Fantasy,2004
1169,Dreams of a Dark Warrior,Kresley Cole,Non-Fiction,2011
676,Sapphire Flames,Ilona Andrews,Non-Fiction,2019
1194,Night Play,Sherrilyn Kenyon,Non-Fiction,2004
500,Casting Off,Hugh Howey,Sci Fi,2011
630,The Stand,Stephen King,Sci Fi,1978
41,Champion,Marie Lu,Non-Fiction,2013
290,Cordelia's Honor,Lois McMaster Bujold,Non-Fiction,1996
1049,Piranesi,Susanna Clarke,Fantasy,2020
43,Caliban's War,James S.A. Corey,Non-Fiction,2012
700,Caliban's War,James S.A. Corey,Non-Fiction,2012
735,Casting Off,Hugh Howey,Non-Fiction,2011
393,The Stand,Stephen King,Sci Fi,1978
1088,The Trials of Morrigan Crow,Jessica  Townsend,Non-Fiction,2017
92,Cordelia's Honor,Lois McMaster Bujold,Sci Fi,1996
422,Champion,Marie Lu,Non-Fiction,2013
104,The Stand,Stephen King,Non-Fiction,1978
2,The Stand,Stephen King,Sci Fi,1978
2,Caliban's War,James S.A. Corey,Sci Fi,2012
225,Cordelia's Honor,Lois McMaster Bujold,Sci Fi,1996
248,Caliban's War,James S.A. Corey,Sci Fi,2012
1138,Bloodchild and Other Stories,Octavia E. Butler,Fantasy,1995
743,Champion,Marie Lu,Non-Fiction,2013
44,"Transmetropolitan, Vol. 2: Lust for Life",Warren Ellis,Fantasy,1999
947,"Transmetropolitan, Vol. 2: Lust for Life",Warren Ellis,Sci Fi,1999
1066,Bloodchild and Other Stories,Octavia E. Butler,Sci Fi,1995
230,Born of Fire,Sherrilyn Kenyon,Non-Fiction,1996
556,Caliban's War,James S.A. Corey,Sci Fi,2012
719,Tower of Dawn,Sarah J. Maas,Sci Fi,2017
269,The Titan's Curse,Rick Riordan,Non-Fiction,2007
711,The Hunger Games,Suzanne Collins,Non-Fiction,2008
879,Heir to the Shadows,Anne Bishop,Non-Fiction,1999
0,The Hunger Games,Suzanne Collins,Fantasy,2008
639,Y: The Last Man - The Deluxe Edition Book One,Brian K. Vaughan,Fantasy,2008
709,Y: The Last Man - The Deluxe Edition Book One,Brian K. Vaughan,Sci Fi,2008
249,The Stonekeeper's Curse,Kazu Kibuishi,Non-Fiction,2009
103,A Conjuring of Light,V.E. Schwab,Sci Fi,2017
25,The Complete Robot,Isaac Asimov,Sci Fi,1982
279,The Whispering Skull,Jonathan Stroud,Non-Fiction,2014
296,"Y: The Last Man, Vol. 10: Whys and Wherefores",Brian K. Vaughan,Non-Fiction,2008
728,Traitor to the Throne,Alwyn Hamilton,Non-Fiction,2017
898,A Conjuring of Light,V.E. Schwab,Non-Fiction,2017
6,The Hunger Games,Suzanne Collins,Non-Fiction,2008
645,Strange Planet,Nathan W. Pyle,Sci Fi,2019
478,Dead of Winter,Kresley Cole,Sci Fi,2015
789,Angels' Flight,Nalini Singh,Sci Fi,2012
278,Dead of Winter,Kresley Cole,Fantasy,2015
289,The Hunger Games,Suzanne Collins,Fantasy,2008
760,The Hunger Games,Suzanne Collins,Fantasy,2008
539,The Whispering Skull,Jonathan Stroud,Fantasy,2014
852,"Y: The Last Man, Vol. 10: Whys and Wherefores",Brian K. Vaughan,Fantasy,2008
942,"White Witch, Black Curse",Kim Harrison,Non-Fiction,2009
170,The Complete Robot,Isaac Asimov,Fantasy,1982
1130,La Mémoire de Babel,Christelle Dabos,Non-Fiction,2017
8,The Hunger Games,Suzanne Collins,Fantasy,2008
501,Burn for Me,Ilona Andrews,Non-Fiction,2014
755,Sweet Ruin,Kresley Cole,Sci Fi,2015
201,Scythe,Neal Shusterman,Sci Fi,2016
215,"The Walking Dead, Vol. 14: No Way Out",Robert Kirkman,Non-Fiction,2011
352,The Lost Hero,Rick Riordan,Non-Fiction,2010
189,"The Walking Dead, Vol. 11: Fear the Hunters",Robert Kirkman,Non-Fiction,2010
53,Scythe,Neal Shusterman,Non-Fiction,2016
659,For a Few Demons More,Kim Harrison,Non-Fiction,2007
280,"The Walking Dead, Vol. 17: Something to Fear",Robert Kirkman,Fantasy,2012
51,A Closed and Common Orbit,Becky Chambers,Sci Fi,2016
385,A Closed and Common Orbit,Becky Chambers,Non-Fiction,2016
1197,The Pillars of the Earth,Ken Follett,Fantasy,1989
8,Drums of Autumn,Diana Gabaldon,Sci Fi,1996
58,Mirror Dance,Lois McMaster Bujold,Non-Fiction,1994
753,Cursor's Fury,Jim Butcher,Fantasy,2006
133,A Closed and Common Orbit,Becky Chambers,Sci Fi,2016
445,The System of the World,Neal Stephenson,Sci Fi,2004
43,A Closed and Common Orbit,Becky Chambers,Non-Fiction,2016
836,Sword & Citadel,Gene Wolfe,Non-Fiction,1994
887,Dragonfly in Amber,Diana Gabaldon,Fantasy,1992
323,A Closed and Common Orbit,Becky Chambers,Fantasy,2016
309,Mirror Dance,Lois McMaster Bujold,Sci Fi,1994
386,Burn for Me,Ilona Andrews,Non-Fiction,2014
1090,The Lost Hero,Rick Riordan,Sci Fi,2010
352,Kushiel's Mercy,Jacqueline Carey,Sci Fi,2008
791,Unleash the Night,Sherrilyn Kenyon,Sci Fi,2005
72,"Transmetropolitan, Vol. 7: Spider's Thrash",Warren Ellis,Fantasy,2002
880,Kushiel's Mercy,Jacqueline Carey,Fantasy,2008
1168,Here There Be Gerblins,Clint McElroy,Non-Fiction,2018
1170,Kiss of a Demon King,Kresley Cole,Fantasy,2009
1026,For a Few Demons More,Kim Harrison,Non-Fiction,2007
108,A Dance with Dragons,George R.R. Martin,Fantasy,2011
310,"Monstress, Vol. 2: The Blood",Marjorie M. Liu,Non-Fiction,2017
1031,Drums of Autumn,Diana Gabaldon,Non-Fiction,1996
3,Dragonfly in Amber,Diana Gabaldon,Sci Fi,1992
308,The System of the World,Neal Stephenson,Non-Fiction,2004
365,Mirror Dance,Lois McMaster Bujold,Non-Fiction,1994
65,The Fate of Ten,Pittacus Lore,Non-Fiction,2015
1224,Magic Burns,Ilona Andrews,Sci Fi,2008
86,The Stone Sky,N.K. Jemisin,Non-Fiction,2017
1029,"The Walking Dead, Vol. 6: This Sorrowful Life",Robert Kirkman,Sci Fi,2007
971,Clockwork Angel,Cassandra Clare,Non-Fiction,2010
786,Etched in Bone,Anne Bishop,Non-Fiction,2017
2,11/22/63,Stephen King,Sci Fi,2011
1129,Magic Burns,Ilona Andrews,Non-Fiction,2008
441,Clockwork Angel,Cassandra Clare,Fantasy,2010
933,Quintana of Charyn,Melina Marchetta,Sci Fi,2012
188,"The Walking Dead, Vol. 12: Life Among Them",Robert Kirkman,Non-Fiction,2010
6,Clockwork Angel,Cassandra Clare,Sci Fi,2010
91,A Deepness in the Sky,Vernor Vinge,Non-Fiction,1999
1118,The Girl in the Tower,Katherine Arden,Non-Fiction,2017
155,"The Walking Dead, Vol. 6: This Sorrowful Life",Robert Kirkman,Non-Fiction,2007
241,The Stone Sky,N.K. Jemisin,Non-Fiction,2017
1193,"The Walking Dead, Vol. 12: Life Among Them",Robert Kirkman,Sci Fi,2010
112,Clockwork Angel,Cassandra Clare,Sci Fi,2010
778,City of Glass,Cassandra Clare,Non-Fiction,2009
171,Clockwork Angel,Cassandra Clare,Fantasy,2010
451,City of Glass,Cassandra Clare,Non-Fiction,2009
746,City of Glass,Cassandra Clare,Fantasy,2009
33,A Deepness in the Sky,Vernor Vinge,Fantasy,1999
520,Archangel's Shadows,Nalini Singh,Fantasy,2014
172,Magic Burns,Ilona Andrews,Sci Fi,2008
1171,Playing with Fire,Derek Landy,Non-Fiction,2008
703,The Little Prince,Antoine de Saint-Exupéry,Sci Fi,1943
1204,The Stone Sky,N.K. Jemisin,Fantasy,2017
64,11/22/63,Stephen King,Non-Fiction,2011
815,Magic Burns,Ilona Andrews,Non-Fiction,2008
8,11/22/63,Stephen King,Non-Fiction,2011
485,A Beautifully Foolish Endeavor,Hank Green,Fantasy,2020
95,United as One,Pittacus Lore,Non-Fiction,2016
616,A Deepness in the Sky,Vernor Vinge,Sci Fi,1999
158,Etched in Bone,Anne Bishop,Sci Fi,2017
791,Ender's Shadow,Orson Scott Card,Non-Fiction,1999
242,Ender's Shadow,Orson Scott Card,Non-Fiction,1999
67,The Immortal Highlander,Karen Marie Moning,Non-Fiction,2004
49,What the Wind Knows,Amy Harmon,Non-Fiction,2019
221,Ender's Game,Orson Scott Card,Non-Fiction,1985
32,Kiss of the Highlander,Karen Marie Moning,Fantasy,2001
311,The Dead,Charlie Higson,Sci Fi,2010
861,The Dead,Charlie Higson,Non-Fiction,2010
11,Ender's Game,Orson Scott Card,Non-Fiction,1985
380,Faefever,Karen Marie Moning,Non-Fiction,2008
598,Archenemies,Marissa Meyer,Fantasy,2018
68,Ender's Game,Orson Scott Card,Non-Fiction,1985
284,Ender's Game,Orson Scott Card,Non-Fiction,1985
737,How Long 'til Black Future Month,N.K. Jemisin,Sci Fi,2018
57,Sweep in Peace,Ilona Andrews,Non-Fiction,2015
450,Harrow the Ninth,Tamsyn Muir,Non-Fiction,2020
48,Ender's Game,Orson Scott Card,Non-Fiction,1985
939,Born of Ice,Sherrilyn Kenyon,Non-Fiction,1994
551,I Shall Wear Midnight,Terry Pratchett,Non-Fiction,2010
1121,How Long 'til Black Future Month,N.K. Jemisin,Sci Fi,2018
9,Ender's Game,Orson Scott Card,Non-Fiction,1985
696,Divergent Series Complete Box Set,Veronica Roth,Non-Fiction,2013
258,Barrayar,Lois McMaster Bujold,Fantasy,1986
166,Judas Unchained,Peter F. Hamilton,Non-Fiction,2005
594,Small Gods,Terry Pratchett,Non-Fiction,1992
743,Faefever,Karen Marie Moning,Sci Fi,2008
231,Ender's Shadow,Orson Scott Card,Non-Fiction,1999
368,Barrayar,Lois McMaster Bujold,Non-Fiction,1986
802,"The Walking Dead, Vol. 3: Safety Behind Bars",Robert Kirkman,Fantasy,2005
291,Born of Ice,Sherrilyn Kenyon,Sci Fi,1994
29,Judas Unchained,Peter F. Hamilton,Non-Fiction,2005
807,Judas Unchained,Peter F. Hamilton,Non-Fiction,2005
297,Guards! Guards,Terry Pratchett,Sci Fi,1989
18,Ender's Game,Orson Scott Card,Sci Fi,1985
692,Diamond Fire,Ilona Andrews,Sci Fi,2018
489,Archenemies,Marissa Meyer,Non-Fiction,2018
40,Barrayar,Lois McMaster Bujold,Non-Fiction,1986
1245,Secrets in Death,J.D. Robb,Non-Fiction,2017
118,"The Walking Dead, Vol. 3: Safety Behind Bars",Robert Kirkman,Fantasy,2005
206,Sweep in Peace,Ilona Andrews,Non-Fiction,2015
1123,How Long 'til Black Future Month,N.K. Jemisin,Non-Fiction,2018
849,Shield of Winter,Nalini Singh,Non-Fiction,2014
222,Ender's Shadow,Orson Scott Card,Non-Fiction,1999
470,Ender's Game,Orson Scott Card,Fantasy,1985
261,Ender's Shadow,Orson Scott Card,Non-Fiction,1999
882,Deeper Than Midnight,Lara Adrian,Non-Fiction,2011
421,In The Afterlight,Alexandra Bracken,Non-Fiction,2014
1,Catching Fire,Suzanne Collins,Fantasy,2009
500,Path of Destruction,Drew Karpyshyn,Sci Fi,2007
452,Catching Fire,Suzanne Collins,Non-Fiction,2009
934,Froi of the Exiles,Melina Marchetta,Fantasy,2011
800,In The Afterlight,Alexandra Bracken,Non-Fiction,2014
676,We Are Legion (We Are Bob,Dennis E. Taylor,Non-Fiction,2016
128,We Are Legion (We Are Bob,Dennis E. Taylor,Fantasy,2016
121,In The Afterlight,Alexandra Bracken,Fantasy,2014
254,The Lions of Al-Rassan,Guy Gavriel Kay,Non-Fiction,1995
1174,Four Psychos,Kristy Cunning,Non-Fiction,2017
80,We Are Legion (We Are Bob,Dennis E. Taylor,Fantasy,2016
143,Caressed by Ice,Nalini Singh,Fantasy,2007
751,We Are Legion (We Are Bob,Dennis E. Taylor,Fantasy,2016
705,The Epilogue,Kiera Cass,Non-Fiction,2014
463,We Are Legion (We Are Bob,Dennis E. Taylor,Non-Fiction,2016
11,Catching Fire,Suzanne Collins,Fantasy,2009
391,Animal Farm / 1984,George Orwell,Non-Fiction,1948
137,We Are Legion (We Are Bob,Dennis E. Taylor,Fantasy,2016
18,Catching Fire,Suzanne Collins,Non-Fiction,2009
1080,Catching Fire,Suzanne Collins,Non-Fiction,2009
355,Swan Song,Robert R. McCammon,Sci Fi,1987
988,"The Walking Dead, Vol. 5: The Best Defense",Robert Kirkman,Sci Fi,2006
660,Every Which Way But Dead,Kim Harrison,Non-Fiction,2005
1115,Thrawn,Timothy Zahn,Fantasy,2017
1210,A Second Chance,Jodi Taylor,Non-Fiction,2014
526,The Fifth Season,N.K. Jemisin,Non-Fiction,2015
196,Thrawn,Timothy Zahn,Non-Fiction,2017
156,Lake Silence,Anne Bishop,Fantasy,2018
196,The Obelisk Gate,N.K. Jemisin,Sci Fi,2016
724,No Rest for the Wicked,Kresley Cole,Sci Fi,2006
38,"The Hobbit, or There and Back Again",J.R.R. Tolkien,Non-Fiction,1937
880,Every Which Way But Dead,Kim Harrison,Fantasy,2005
662,InuYasha: Turning Back Time,Rumiko Takahashi,Non-Fiction,1997
1087,Nightfall and Other Stories,Isaac Asimov,Fantasy,1969
776,Spellbound,Larry Correia,Non-Fiction,2011
564,Spellbound,Larry Correia,Non-Fiction,2011
782,Before the Devil Breaks You,Libba Bray,Sci Fi,2017
253,Parable of the Talents,Octavia E. Butler,Non-Fiction,1998
711,Of Blood and Bone,Nora Roberts,Sci Fi,2018
187,Spellbound,Larry Correia,Non-Fiction,2011
18,Swan Song,Robert R. McCammon,Non-Fiction,1987
345,Miecz przeznaczenia,Andrzej Sapkowski,Non-Fiction,1992
801,Infinite Jest,David Foster Wallace,Non-Fiction,1996
179,Dust & Decay,Jonathan Maberry,Sci Fi,2011
71,Komarr,Lois McMaster Bujold,Non-Fiction,1998
817,Magic Dreams,Ilona Andrews,Non-Fiction,2012
208,Parable of the Talents,Octavia E. Butler,Non-Fiction,1998
990,Dynasty of Evil,Drew Karpyshyn,Fantasy,2009
714,Komarr,Lois McMaster Bujold,Sci Fi,1998
246,Of Blood and Bone,Nora Roberts,Non-Fiction,2018
795,Death Masks,Jim Butcher,Fantasy,2003
75,A Second Chance,Jodi Taylor,Non-Fiction,2014
615,Dust & Decay,Jonathan Maberry,Sci Fi,2011
42,The Dark Highlander,Karen Marie Moning,Non-Fiction,2002
90,The Warrior's Apprentice,Lois McMaster Bujold,Fantasy,1986
849,The Fifth Season,N.K. Jemisin,Non-Fiction,2015
804,Shades of Midnight,Lara Adrian,Fantasy,2009
1143,A Second Chance,Jodi Taylor,Non-Fiction,2014
93,The Fifth Season,N.K. Jemisin,Sci Fi,2015
1002,Komarr,Lois McMaster Bujold,Non-Fiction,1998
137,"The Walking Dead, Vol. 5: The Best Defense",Robert Kirkman,Non-Fiction,2006
32,The Fifth Season,N.K. Jemisin,Non-Fiction,2015
77,The Obelisk Gate,N.K. Jemisin,Sci Fi,2016
33,Scarlet,Marissa Meyer,Non-Fiction,2013
62,"The Walking Dead, Vol. 1: Days Gone Bye",Robert Kirkman,Sci Fi,2004
676,"Y: The Last Man, Vol. 5: Ring of Truth",Brian K. Vaughan,Non-Fiction,2005
371,The Warrior's Apprentice,Lois McMaster Bujold,Sci Fi,1986
62,Fantastical,Kristen Ashley,Non-Fiction,2011
412,Firefight,Brandon Sanderson,Fantasy,2015
329,"Y: The Last Man, Vol. 5: Ring of Truth",Brian K. Vaughan,Non-Fiction,2005
275,Children of Time,Adrian Tchaikovsky,Non-Fiction,2015
41,The Revenge of Seven,Pittacus Lore,Fantasy,2014
69,Spell of the Highlander,Karen Marie Moning,Fantasy,2005
369,The Vor Game,Lois McMaster Bujold,Non-Fiction,1990
74,Illuminae,Amie Kaufman,Non-Fiction,2015
1111,Exhalation: Stories,Ted Chiang,Sci Fi,2019
446,The Evolutionary Void,Peter F. Hamilton,Sci Fi,2009
338,Artificial Condition,Martha Wells,Fantasy,2018
315,Exhalation: Stories,Ted Chiang,Sci Fi,2019
318,Fantastical,Kristen Ashley,Sci Fi,2011
722,Second Shift: Order,Hugh Howey,Sci Fi,2012
395,Bloodfever,Karen Marie Moning,Non-Fiction,2007
334,Rogue Protocol,Martha Wells,Sci Fi,2018
386,Illuminae,Amie Kaufman,Non-Fiction,2015
1219,"The Walking Dead, Vol. 10: What We Become",Robert Kirkman,Sci Fi,2009
1142,On a Sunbeam,Tillie Walden,Non-Fiction,2016
847,Halo: The Fall of Reach,Eric S. Nylund,Sci Fi,2001
510,Illuminae,Amie Kaufman,Non-Fiction,2015
91,Scarlet,Marissa Meyer,Fantasy,2013
758,Children of Time,Adrian Tchaikovsky,Sci Fi,2015
256,Rogue Protocol,Martha Wells,Non-Fiction,2018
1034,A Fistful of Charms,Kim Harrison,Fantasy,2006
190,"The Walking Dead, Vol. 10: What We Become",Robert Kirkman,Non-Fiction,2009
4,Opal,Jennifer L. Armentrout,Sci Fi,2012
399,Exhalation: Stories,Ted Chiang,Sci Fi,2019
1,Onyx,Jennifer L. Armentrout,Fantasy,2012
720,The Player of Games,Iain M. Banks,Non-Fiction,1988
485,Exhalation: Stories,Ted Chiang,Sci Fi,2019
634,Scarlet,Marissa Meyer,Fantasy,2013
16,Children of Time,Adrian Tchaikovsky,Non-Fiction,2015
803,Taken by Midnight,Lara Adrian,Non-Fiction,2010
461,A Fistful of Charms,Kim Harrison,Sci Fi,2006
136,A Leaf on the Wind of All Hallows,Diana Gabaldon,Sci Fi,2012
297,Children of Time,Adrian Tchaikovsky,Non-Fiction,2015
1077,Children of Time,Adrian Tchaikovsky,Fantasy,2015
1110,Freedom,Daniel Suarez,Fantasy,2010
985,Firefight,Brandon Sanderson,Fantasy,2015
697,The Player of Games,Iain M. Banks,Sci Fi,1988
130,Scarlet,Marissa Meyer,Non-Fiction,2013
315,Exhalation: Stories,Ted Chiang,Non-Fiction,2019
121,Shadows of Self,Brandon Sanderson,Non-Fiction,2015
218,Halo: The Fall of Reach,Eric S. Nylund,Fantasy,2001
106,The Player of Games,Iain M. Banks,Non-Fiction,1988
229,Illuminae,Amie Kaufman,Non-Fiction,2015
273,Illuminae,Amie Kaufman,Sci Fi,2015
1018,Mastiff,Tamora Pierce,Fantasy,2011
90,Illuminae,Amie Kaufman,Non-Fiction,2015
107,An Ember in the Ashes,Sabaa Tahir,Fantasy,2015
816,Second Shift: Order,Hugh Howey,Non-Fiction,2012
93,Scarlet,Marissa Meyer,Non-Fiction,2013
15,Scarlet,Marissa Meyer,Fantasy,2013
548,Adventure Time Vol. 1,Ryan North,Sci Fi,2011
63,Freedom,Daniel Suarez,Non-Fiction,2010
9,Artificial Condition,Martha Wells,Fantasy,2018
51,Chains of Command,Marko Kloos,Fantasy,2016
31,The Vor Game,Lois McMaster Bujold,Non-Fiction,1990
210,Artificial Condition,Martha Wells,Sci Fi,2018
818,Dark Skye,Kresley Cole,Sci Fi,2014
50,Scarlet,Marissa Meyer,Sci Fi,2013
69,The Evolutionary Void,Peter F. Hamilton,Sci Fi,2009
458,The Player of Games,Iain M. Banks,Sci Fi,1988
176,The Vor Game,Lois McMaster Bujold,Non-Fiction,1990
185,Firefight,Brandon Sanderson,Sci Fi,2015
973,Illuminae,Amie Kaufman,Non-Fiction,2015
662,Bloodhound,Tamora Pierce,Sci Fi,2009
761,Magic Stars,Ilona Andrews,Non-Fiction,2015
457,"The Walking Dead, Vol. 1: Days Gone Bye",Robert Kirkman,Non-Fiction,2004
384,Chains of Command,Marko Kloos,Sci Fi,2016
148,Rogue Protocol,Martha Wells,Sci Fi,2018
845,A Hat Full of Sky,Terry Pratchett,Sci Fi,2004
147,Artificial Condition,Martha Wells,Sci Fi,2018
20,The Warrior's Apprentice,Lois McMaster Bujold,Non-Fiction,1986
22,The Player of Games,Iain M. Banks,Non-Fiction,1988
434,Scarlet,Marissa Meyer,Non-Fiction,2013
26,Children of Time,Adrian Tchaikovsky,Non-Fiction,2015
10,Rogue Protocol,Martha Wells,Non-Fiction,2018
1168,The Heart of Betrayal,Mary E. Pearson,Sci Fi,2015
357,The Confusion,Neal Stephenson,Fantasy,2004
28,Prodigy,Marie Lu,Sci Fi,2013
322,Ptolemy's Gate,Jonathan Stroud,Non-Fiction,2005
662,Honor Among Enemies,David Weber,Sci Fi,1996
335,Columbus Day,Craig Alanson,Non-Fiction,2016
18,Honor Among Enemies,David Weber,Non-Fiction,1996
510,Strange the Dreamer,Laini Taylor,Fantasy,2017
875,Ceremony in Death,J.D. Robb,Non-Fiction,1997
499,Archangel's Viper,Nalini Singh,Non-Fiction,2017
1160,"The Walking Dead, Vol. 7: The Calm Before",Robert Kirkman,Non-Fiction,2007
294,Kushiel's Justice,Jacqueline Carey,Non-Fiction,2007
659,The Neutronium Alchemist,Peter F. Hamilton,Sci Fi,1997
9,Kindred,Octavia E. Butler,Non-Fiction,1979
520,Kindred,Octavia E. Butler,Sci Fi,1979
91,Columbus Day,Craig Alanson,Sci Fi,2016
1223,Batman: The Dark Knight Returns,Frank Miller,Non-Fiction,1986
744,Prodigy,Marie Lu,Non-Fiction,2013
266,Prodigy,Marie Lu,Fantasy,2013
515,Marked in Flesh,Anne Bishop,Non-Fiction,2016
317,"Y: The Last Man, Vol. 9: Motherland",Brian K. Vaughan,Non-Fiction,2007
489,Skybreaker,Kenneth Oppel,Non-Fiction,2005
334,A Torch Against the Night,Sabaa Tahir,Sci Fi,2016
811,Summer Knight,Jim Butcher,Non-Fiction,2002
246,Lost Stars,Claudia Gray,Fantasy,2015
772,"Y: The Last Man, Vol. 9: Motherland",Brian K. Vaughan,Non-Fiction,2007
243,The Lies of Locke Lamora,Scott Lynch,Non-Fiction,2006
1136,Kindred,Octavia E. Butler,Non-Fiction,1979
441,Wild Magic,Tamora Pierce,Non-Fiction,1992
70,The Neutronium Alchemist,Peter F. Hamilton,Non-Fiction,1997
183,"The Walking Dead, Vol. 7: The Calm Before",Robert Kirkman,Sci Fi,2007
318,Archangel's Blade,Nalini Singh,Fantasy,2011
1247,Circe,Madeline Miller,Non-Fiction,2018
84,Honor Among Enemies,David Weber,Non-Fiction,1996
587,Murder of Crows,Anne Bishop,Non-Fiction,2014
740,A Torch Against the Night,Sabaa Tahir,Sci Fi,2016
192,The Lightning Thief,Rick Riordan,Non-Fiction,2005
297,Honor Among Enemies,David Weber,Non-Fiction,1996
666,This Book Is Full of Spiders,David  Wong,Non-Fiction,2012
1065,Kingdom Come,Mark Waid,Non-Fiction,1996
409,The Confusion,Neal Stephenson,Non-Fiction,2004
61,Murder of Crows,Anne Bishop,Non-Fiction,2014
790,Kindred,Octavia E. Butler,Fantasy,1979
631,Lady Knight,Tamora Pierce,Non-Fiction,2002
70,Marked in Flesh,Anne Bishop,Non-Fiction,2016
630,Reaper Man,Terry Pratchett,Sci Fi,1991
954,Columbus Day,Craig Alanson,Fantasy,2016
128,Skybreaker,Kenneth Oppel,Non-Fiction,2005
989,Branded by Fire,Nalini Singh,Fantasy,2009
951,Ptolemy's Gate,Jonathan Stroud,Non-Fiction,2005
764,The Lies of Locke Lamora,Scott Lynch,Non-Fiction,2006
114,The Chronicles of Narnia,C.S. Lewis,Non-Fiction,1956
33,Written in Red,Anne Bishop,Non-Fiction,2013
105,Ready Player One,Ernest Cline,Non-Fiction,2011
599,City of Lost Souls,Cassandra Clare,Non-Fiction,2012
403,Ready Player One,Ernest Cline,Sci Fi,2011
94,UnWholly,Neal Shusterman,Sci Fi,2012
78,Dust,Hugh Howey,Non-Fiction,2013
136,Archangel's Storm,Nalini Singh,Sci Fi,2012
474,A Gathering of Shadows,V.E. Schwab,Sci Fi,2016
172,V for Vendetta,Alan Moore,Non-Fiction,1990
163,The Toll,Neal Shusterman,Non-Fiction,2019
217,Horde,Ann Aguirre,Sci Fi,2013
626,"Y: The Last Man, Vol. 4: Safeword",Brian K. Vaughan,Fantasy,2004
734,"Blue Lily, Lily Blue",Maggie Stiefvater,Fantasy,2014
697,Emperor of Thorns,Mark  Lawrence,Sci Fi,2013
1042,V for Vendetta,Alan Moore,Fantasy,1990
107,Leviathan Wakes,James S.A. Corey,Sci Fi,2011
1005,Second Foundation,Isaac Asimov,Sci Fi,1953
347,Leviathan Wakes,James S.A. Corey,Non-Fiction,2011
46,Ready Player One,Ernest Cline,Non-Fiction,2011
43,Howl's Moving Castle,Diana Wynne Jones,Non-Fiction,1986
162,Leviathan Wakes,James S.A. Corey,Sci Fi,2011
164,Horde,Ann Aguirre,Fantasy,2013
1204,Emperor of Thorns,Mark  Lawrence,Non-Fiction,2013
393,The Toll,Neal Shusterman,Non-Fiction,2019
290,The Wee Free Men,Terry Pratchett,Non-Fiction,2003
61,Second Foundation,Isaac Asimov,Sci Fi,1953
435,The Princess Bride,William Goldman,Sci Fi,1973
200,The Space Between,Diana Gabaldon,Non-Fiction,2012
0,Leviathan Wakes,James S.A. Corey,Sci Fi,2011
1082,City of Lost Souls,Cassandra Clare,Sci Fi,2012
29,Second Foundation,Isaac Asimov,Non-Fiction,1953
8,Ready Player One,Ernest Cline,Non-Fiction,2011
153,Ready Player One,Ernest Cline,Sci Fi,2011
481,Leviathan Wakes,James S.A. Corey,Non-Fiction,2011
6,Leviathan Wakes,James S.A. Corey,Non-Fiction,2011
168,Dust,Hugh Howey,Non-Fiction,2013
73,V for Vendetta,Alan Moore,Non-Fiction,1990
407,Seven Stones to Stand or Fall,Diana Gabaldon,Fantasy,2017
15,A Gathering of Shadows,V.E. Schwab,Non-Fiction,2016
1107,Dinotopia: A Land Apart from Time,James Gurney,Non-Fiction,1992
1141,Leviathan Wakes,James S.A. Corey,Non-Fiction,2011
919,Beyond the Shadows,Brent Weeks,Sci Fi,2008
78,Ready Player One,Ernest Cline,Fantasy,2011
329,Sea of Stars,Amy A. Bartol,Fantasy,2015
466,Hunt the Moon,Karen Chance,Non-Fiction,2011
924,Tricked,Kevin Hearne,Non-Fiction,2012
118,Lirael,Garth Nix,Non-Fiction,2001
1023,V for Vendetta,Alan Moore,Non-Fiction,1990
935,UnWholly,Neal Shusterman,Sci Fi,2012
297,"Y: The Last Man, Vol. 4: Safeword",Brian K. Vaughan,Non-Fiction,2004
295,His Dark Materials,Philip Pullman,Fantasy,2000
64,Cascade,Lisa Tawn Bergren,Non-Fiction,2011
1231,Leviathan Wakes,James S.A. Corey,Non-Fiction,2011
483,The Toll,Neal Shusterman,Fantasy,2019
79,His Dark Materials,Philip Pullman,Sci Fi,2000
694,His Dark Materials,Philip Pullman,Sci Fi,2000
18,Ready Player One,Ernest Cline,Fantasy,2011
471,Second Foundation,Isaac Asimov,Sci Fi,1953
220,Howl's Moving Castle,Diana Wynne Jones,Non-Fiction,1986
307,Written in Red,Anne Bishop,Sci Fi,2013
549,Shadow's Claim,Kresley Cole,Fantasy,2012
456,The Girl Who Played with Fire,Stieg Larsson,Sci Fi,2006
32,Goliath,Scott Westerfeld,Sci Fi,2011
1019,Migrations,Charlotte McConaghy,Sci Fi,2020
63,The End of Eternity,Isaac Asimov,Non-Fiction,1955
294,The Dark Tower,Stephen King,Non-Fiction,2004
1069,"The Walking Dead, Vol. 9: Here We Remain",Robert Kirkman,Non-Fiction,2009
94,The End of Eternity,Isaac Asimov,Non-Fiction,1955
127,The Dream Daughter,Diane Chamberlain,Non-Fiction,2018
182,Kushiel's Chosen,Jacqueline Carey,Fantasy,2002
149,Cryptonomicon,Neal Stephenson,Fantasy,1999
238,Fear,Michael  Grant,Non-Fiction,2012
414,The Temporal Void,Peter F. Hamilton,Non-Fiction,2008
639,The Cuckoo's Egg: Tracking a Spy Through the Maze of Computer Espionage,Clifford Stoll,Non-Fiction,1989
914,Goliath,Scott Westerfeld,Sci Fi,2011
312,The Fallen Legacies,Pittacus Lore,Fantasy,2012
248,Cryptonomicon,Neal Stephenson,Non-Fiction,1999
49,Abaddon's Gate,James S.A. Corey,Sci Fi,2013
323,Abaddon's Gate,James S.A. Corey,Non-Fiction,2013
111,Goliath,Scott Westerfeld,Non-Fiction,2011
697,Surface Detail,Iain M. Banks,Fantasy,2010
710,"The Walking Dead, Vol. 2: Miles Behind Us",Robert Kirkman,Sci Fi,2004
682,Abaddon's Gate,James S.A. Corey,Non-Fiction,2013
211,Red Rising,Pierce Brown,Sci Fi,2014
94,Red Rising,Pierce Brown,Sci Fi,2014
511,Abaddon's Gate,James S.A. Corey,Non-Fiction,2013
203,"The Walking Dead, Vol. 9: Here We Remain",Robert Kirkman,Non-Fiction,2009
78,The Temporal Void,Peter F. Hamilton,Non-Fiction,2008
77,Surface Detail,Iain M. Banks,Sci Fi,2010
976,Squire,Tamora Pierce,Sci Fi,2001
197,Surface Detail,Iain M. Banks,Fantasy,2010
268,The Sea of Monsters,Rick Riordan,Sci Fi,2006
406,Lord of Emperors,Guy Gavriel Kay,Sci Fi,2000
102,"The Walking Dead, Vol. 2: Miles Behind Us",Robert Kirkman,Non-Fiction,2004
259,The Winner's Kiss,Marie Rutkoski,Non-Fiction,2016
185,Red Rising,Pierce Brown,Sci Fi,2014
27,"Good Omens: The Nice and Accurate Prophecies of Agnes Nutter, Witch",Terry Pratchett,Sci Fi,1990
6,Abaddon's Gate,James S.A. Corey,Sci Fi,2013
832,The Assassin and the Healer,Sarah J. Maas,Non-Fiction,2012
232,Lioness Rampant,Tamora Pierce,Non-Fiction,1988
567,The Winner's Kiss,Marie Rutkoski,Non-Fiction,2016
572,"Good Omens: The Nice and Accurate Prophecies of Agnes Nutter, Witch",Terry Pratchett,Non-Fiction,1990
442,Trickster's Queen,Tamora Pierce,Non-Fiction,2004
1130,The Dark Tower,Stephen King,Fantasy,2004
1042,Edge of Dawn,Lara Adrian,Non-Fiction,2013
974,It,Stephen King,Sci Fi,1986
592,Fear,Michael  Grant,Non-Fiction,2012
884,"The Good, the Bad, and the Undead",Kim Harrison,Sci Fi,2005
651,Shadow's Edge,Brent Weeks,Fantasy,2008
38,Red Rising,Pierce Brown,Non-Fiction,2014
467,The Dark Tower,Stephen King,Non-Fiction,2004
14,Goliath,Scott Westerfeld,Fantasy,2011
272,Red Rising,Pierce Brown,Fantasy,2014
462,"The Good, the Bad, and the Undead",Kim Harrison,Non-Fiction,2005
747,Sixth of the Dusk,Brandon Sanderson,Non-Fiction,2014
643,Kushiel's Chosen,Jacqueline Carey,Non-Fiction,2002
11,Cryptonomicon,Neal Stephenson,Non-Fiction,1999
417,Red Rising,Pierce Brown,Non-Fiction,2014
1212,The Lives of Christopher Chant,Diana Wynne Jones,Fantasy,1988
509,Gunmetal Magic,Ilona Andrews,Sci Fi,2012
1094,Stories of Your Life and Others,Ted Chiang,Non-Fiction,2002
421,Noughts & Crosses,Malorie Blackman,Non-Fiction,2001
239,Manners & Mutiny,Gail Carriger,Sci Fi,2015
926,Daughter of the Forest,Juliet Marillier,Non-Fiction,1999
498,Pandora's Star,Peter F. Hamilton,Sci Fi,2004
143,UnSouled,Neal Shusterman,Fantasy,2013
1064,Foundryside,Robert Jackson Bennett,Non-Fiction,2018
1015,Echoes of Honor,David Weber,Fantasy,1998
653,The Warded Man,Peter V. Brett,Fantasy,2008
621,Play of Passion,Nalini Singh,Non-Fiction,2010
25,The Fall of Five,Pittacus Lore,Sci Fi,2013
589,Monsters of Men,Patrick Ness,Non-Fiction,2010
312,Alanna: The First Adventure,Tamora Pierce,Sci Fi,1983
4,Dune,Frank Herbert,Non-Fiction,1965
773,Midnight Awakening,Lara Adrian,Non-Fiction,2007
86,Never Fade,Alexandra Bracken,Non-Fiction,2013
356,Twilight,Meg Cabot,Sci Fi,2005
409,The Handmaid's Tale: The Graphic Novel,Renée Nault,Non-Fiction,2019
83,Echoes of Honor,David Weber,Non-Fiction,1998
544,Never Fade,Alexandra Bracken,Non-Fiction,2013
63,In Enemy Hands,David Weber,Fantasy,1997
401,Shattered,Teri Terry,Non-Fiction,2014
923,"Wires and Nerve, Volume 2: Gone Rogue",Marissa Meyer,Non-Fiction,2018
961,Pandora's Star,Peter F. Hamilton,Non-Fiction,2004
356,Hyperion,Dan Simmons,Non-Fiction,1989
814,Stories of Your Life and Others,Ted Chiang,Non-Fiction,2002
264,Manners & Mutiny,Gail Carriger,Non-Fiction,2015
396,"Red, White & Royal Blue",Casey McQuiston,Non-Fiction,2019
412,Foundryside,Robert Jackson Bennett,Sci Fi,2018
1120,Hyperion,Dan Simmons,Sci Fi,1989
1218,The Fiery Cross,Diana Gabaldon,Fantasy,2001
88,Vision in Silver,Anne Bishop,Non-Fiction,2015
452,Outlander,Diana Gabaldon,Sci Fi,1991
837,"Y: The Last Man, Vol. 7: Paper Dolls",Brian K. Vaughan,Sci Fi,2006
85,"Red, White & Royal Blue",Casey McQuiston,Sci Fi,2019
378,Hyperion,Dan Simmons,Non-Fiction,1989
448,Wizard and Glass,Stephen King,Non-Fiction,1997
968,SpecOps,Craig Alanson,Sci Fi,2016
8,Hyperion,Dan Simmons,Non-Fiction,1989
97,Monsters of Men,Patrick Ness,Sci Fi,2010
1117,The Raven King,Maggie Stiefvater,Non-Fiction,2016
440,Emperor Mage,Tamora Pierce,Non-Fiction,1995
389,Outlander,Diana Gabaldon,Non-Fiction,1991
15,Pandora's Star,Peter F. Hamilton,Sci Fi,2004
839,A Reaper at the Gates,Sabaa Tahir,Non-Fiction,2018
224,Hyperion,Dan Simmons,Non-Fiction,1989
138,Hyperion,Dan Simmons,Sci Fi,1989
0,Outlander,Diana Gabaldon,Fantasy,1991
756,The Bird and the Sword,Amy Harmon,Non-Fiction,2016
56,Pandora's Star,Peter F. Hamilton,Non-Fiction,2004
296,In Enemy Hands,David Weber,Non-Fiction,1997
295,Echoes of Honor,David Weber,Non-Fiction,1998
585,Monsters of Men,Patrick Ness,Sci Fi,2010
288,"Lamb: The Gospel According to Biff, Christ's Childhood Pal",Christopher Moore,Non-Fiction,2002
128,SpecOps,Craig Alanson,Non-Fiction,2016
265,Never Fade,Alexandra Bracken,Fantasy,2013
72,Hyperion,Dan Simmons,Sci Fi,1989
1070,The Raven King,Maggie Stiefvater,Non-Fiction,2016
11,The Fiery Cross,Diana Gabaldon,Non-Fiction,2001
702,Veil of Midnight,Lara Adrian,Non-Fiction,2008
915,The Shadow Rising,Robert Jordan,Non-Fiction,1992
865,The Truth,Terry Pratchett,Fantasy,2000
432,SpecOps,Craig Alanson,Non-Fiction,2016
55,Dune,Frank Herbert,Sci Fi,1965
498,Vision in Silver,Anne Bishop,Non-Fiction,2015
706,"Red River, Vol. 1",Chie Shinohara,Non-Fiction,1995
325,In Time,Alexandra Bracken,Fantasy,2013
17,In Enemy Hands,David Weber,Non-Fiction,1997
19,Echoes of Honor,David Weber,Fantasy,1998
447,Stories of Your Life and Others,Ted Chiang,Non-Fiction,2002
749,Wizard and Glass,Stephen King,Sci Fi,1997
520,Foundryside,Robert Jackson Bennett,Fantasy,2018
328,"Y: The Last Man, Vol. 7: Paper Dolls",Brian K. Vaughan,Non-Fiction,2006
397,"Wires and Nerve, Volume 2: Gone Rogue",Marissa Meyer,Non-Fiction,2018
22,Manners & Mutiny,Gail Carriger,Non-Fiction,2015
642,Dune,Frank Herbert,Fantasy,1965
476,Dune,Frank Herbert,Sci Fi,1965
79,Stories of Your Life and Others,Ted Chiang,Non-Fiction,2002
450,Dune,Frank Herbert,Non-Fiction,1965
520,Stories of Your Life and Others,Ted Chiang,Non-Fiction,2002
232,Wizard and Glass,Stephen King,Fantasy,1997
126,Monsters of Men,Patrick Ness,Non-Fiction,2010
641,Valley of Silence,Nora Roberts,Sci Fi,2006
558,Manners & Mutiny,Gail Carriger,Sci Fi,2015
243,Noughts & Crosses,Malorie Blackman,Non-Fiction,2001
173,Noughts & Crosses,Malorie Blackman,Non-Fiction,2001
111,The Last Command,Timothy Zahn,Fantasy,1993
494,Dune,Frank Herbert,Non-Fiction,1965
477,Dune,Frank Herbert,Non-Fiction,1965
417,Pandora's Star,Peter F. Hamilton,Non-Fiction,2004
482,First Shift: Legacy,Hugh Howey,Non-Fiction,2012
578,The Waste Lands,Stephen King,Non-Fiction,1991
205,Wolf by Wolf,Ryan Graudin,Non-Fiction,2015
422,The Waste Lands,Stephen King,Sci Fi,1991
478,The Midnight Library,Matt Haig,Sci Fi,2020
501,"Y: The Last Man, Vol. 2: Cycles",Brian K. Vaughan,Non-Fiction,2003
317,The Hitchhiker's Guide to the Galaxy,Douglas Adams,Sci Fi,1979
75,Babylon's Ashes,James S.A. Corey,Sci Fi,2016
35,The Hitchhiker's Guide to the Galaxy,Douglas Adams,Sci Fi,1979
868,The Dream Thieves,Maggie Stiefvater,Sci Fi,2013
978,A Court of Thorns and Roses,Sarah J. Maas,Non-Fiction,2015
1092,The Hitchhiker's Guide to the Galaxy,Douglas Adams,Sci Fi,1979
148,The Waste Lands,Stephen King,Sci Fi,1991
357,Iron Gold,Pierce Brown,Non-Fiction,2018
916,Thief of Time,Terry Pratchett,Non-Fiction,2001
665,"The Chronicles of Chrestomanci, Volume 1",Diana Wynne Jones,Non-Fiction,1988
404,Thief of Time,Terry Pratchett,Non-Fiction,2001
13,Flag in Exile,David Weber,Fantasy,1995
1162,The Dream Thieves,Maggie Stiefvater,Sci Fi,2013
925,Hexed,Kevin Hearne,Non-Fiction,2011
862,The Other Side of Dawn,John Marsden,Sci Fi,1999
19,Babylon's Ashes,James S.A. Corey,Sci Fi,2016
687,Vengeful,V.E. Schwab,Non-Fiction,2018
463,Perfect,Cecelia Ahern,Sci Fi,2017
93,The Hitchhiker's Guide to the Galaxy,Douglas Adams,Non-Fiction,1979
209,Iron Gold,Pierce Brown,Fantasy,2018
25,Wolf by Wolf,Ryan Graudin,Non-Fiction,2015
1170,Babylon's Ashes,James S.A. Corey,Sci Fi,2016
332,The Singing,Alison Croggon,Non-Fiction,2008
608,The Abyss Beyond Dreams,Peter F. Hamilton,Sci Fi,2014
222,"The Walking Dead, Vol. 13: Too Far Gone",Robert Kirkman,Non-Fiction,2010
43,The Darkest Star,Jennifer L. Armentrout,Non-Fiction,2018
738,Fantastic Beasts and Where to Find Them: The Original Screenplay,J.K. Rowling,Non-Fiction,2016
1094,The Waste Lands,Stephen King,Fantasy,1991
193,"Y: The Last Man, Vol. 2: Cycles",Brian K. Vaughan,Non-Fiction,2003
79,Flag in Exile,David Weber,Sci Fi,1995
1042,"The Lion, the Witch and the Wardrobe",C.S. Lewis,Sci Fi,1950
1178,Red Seas Under Red Skies,Scott Lynch,Sci Fi,2007
35,A Knight in Shining Armor,Jude Deveraux,Sci Fi,1989
1014,Red Seas Under Red Skies,Scott Lynch,Fantasy,2007
11,"The Lion, the Witch and the Wardrobe",C.S. Lewis,Fantasy,1950
585,The Great Hunt,Robert Jordan,Non-Fiction,1990
1098,The Hitchhiker's Guide to the Galaxy,Douglas Adams,Non-Fiction,1979
149,The Abyss Beyond Dreams,Peter F. Hamilton,Fantasy,2014
601,Babylon's Ashes,James S.A. Corey,Sci Fi,2016
299,Flag in Exile,David Weber,Sci Fi,1995
931,Feverborn,Karen Marie Moning,Fantasy,2016
464,Flag in Exile,David Weber,Non-Fiction,1995
449,The Adventures of Ook and Gluk: Kung Fu Cavemen from the Future,Dav Pilkey,Non-Fiction,2010
488,The Girl Who Kicked the Hornet's Nest,Stieg Larsson,Sci Fi,2007
996,The Other Side of Dawn,John Marsden,Sci Fi,1999
1067,CivilWarLand in Bad Decline,George Saunders,Fantasy,1996
648,First Shift: Legacy,Hugh Howey,Sci Fi,2012
439,The Hitchhiker's Guide to the Galaxy,Douglas Adams,Sci Fi,1979
458,The Hitchhiker's Guide to the Galaxy,Douglas Adams,Sci Fi,1979
143,The Waste Lands,Stephen King,Sci Fi,1991
71,A Court of Thorns and Roses,Sarah J. Maas,Non-Fiction,2015
544,The Midnight Library,Matt Haig,Sci Fi,2020
15,The Hitchhiker's Guide to the Galaxy,Douglas Adams,Non-Fiction,1979
645,Wolf by Wolf,Ryan Graudin,Sci Fi,2015
453,The Hitchhiker's Guide to the Galaxy,Douglas Adams,Sci Fi,1979
798,A Song for Arbonne,Guy Gavriel Kay,Non-Fiction,1992
566,The Drawing of the Three,Stephen King,Sci Fi,1987
301,The Honor of the Queen,David Weber,Sci Fi,1993
337,The Consuming Fire,John Scalzi,Non-Fiction,2018
133,Wool Omnibus,Hugh Howey,Non-Fiction,2012
1182,The Dark Tower: The Gunslinger Born,Peter David,Sci Fi,2006
62,Old Man's War,John Scalzi,Fantasy,2005
539,The Scottish Prisoner,Diana Gabaldon,Non-Fiction,2011
893,Hogfather,Terry Pratchett,Fantasy,1996
418,House of Suns,Alastair Reynolds,Non-Fiction,2008
41,Foundation and Empire,Isaac Asimov,Non-Fiction,1952
663,Foundation and Empire,Isaac Asimov,Fantasy,1952
1193,First Rider's Call,Kristen Britain,Sci Fi,2003
1179,The Fall of Hyperion,Dan Simmons,Sci Fi,1990
110,The Rithmatist,Brandon Sanderson,Sci Fi,2013
797,Destroy Me,Tahereh Mafi,Non-Fiction,2012
94,Mort,Terry Pratchett,Non-Fiction,1987
0,Old Man's War,John Scalzi,Sci Fi,2005
944,"Y: The Last Man, Vol. 8: Kimono Dragons",Brian K. Vaughan,Fantasy,2006
534,Carry On,Rainbow Rowell,Non-Fiction,2015
629,Making Money,Terry Pratchett,Non-Fiction,2007
563,Under Different Stars,Amy A. Bartol,Non-Fiction,2013
73,The Rithmatist,Brandon Sanderson,Sci Fi,2013
207,"To Be Taught, If Fortunate",Becky Chambers,Sci Fi,2019
404,The Fall of Hyperion,Dan Simmons,Sci Fi,1990
96,The Fall of Hyperion,Dan Simmons,Fantasy,1990
6,The Honor of the Queen,David Weber,Non-Fiction,1993
54,The Rithmatist,Brandon Sanderson,Fantasy,2013
744,Flesh & Bone,Jonathan Maberry,Fantasy,2012
548,The Drawing of the Three,Stephen King,Non-Fiction,1987
597,The Black Prism,Brent Weeks,Fantasy,2010
578,Destroy Me,Tahereh Mafi,Non-Fiction,2012
570,The Bitter Kingdom,Rae Carson,Sci Fi,2013
77,The Drawing of the Three,Stephen King,Non-Fiction,1987
416,Deep Kiss of Winter,Kresley Cole,Fantasy,2009
804,"Y: The Last Man, Vol. 8: Kimono Dragons",Brian K. Vaughan,Non-Fiction,2006
20,"Transmetropolitan, Vol. 1: Back on the Street",Warren Ellis,Fantasy,1998
142,The Drawing of the Three,Stephen King,Non-Fiction,1987
156,The Restaurant at the End of the Universe,Douglas Adams,Non-Fiction,1980
247,Unravel Me,Tahereh Mafi,Fantasy,2013
39,House of Suns,Alastair Reynolds,Sci Fi,2008
61,The Restaurant at the End of the Universe,Douglas Adams,Non-Fiction,1980
822,Wool Omnibus,Hugh Howey,Non-Fiction,2012
99,Destroy Me,Tahereh Mafi,Non-Fiction,2012
336,Harrison Bergeron,Kurt Vonnegut Jr.,Sci Fi,1961
119,Old Man's War,John Scalzi,Non-Fiction,2005
621,The Fall of Hyperion,Dan Simmons,Non-Fiction,1990
811,Foundation and Empire,Isaac Asimov,Non-Fiction,1952
449,Trickster's Choice,Tamora Pierce,Non-Fiction,2003
49,Foundation and Empire,Isaac Asimov,Non-Fiction,1952
620,"Transmetropolitan, Vol. 1: Back on the Street",Warren Ellis,Non-Fiction,1998
238,The Eternity Cure,Julie Kagawa,Fantasy,2013
591,Y: The Last Man Vol. 3: One Small Step,Brian K. Vaughan,Non-Fiction,2004
139,Under Different Stars,Amy A. Bartol,Non-Fiction,2013
30,The Fall of Hyperion,Dan Simmons,Non-Fiction,1990
56,Wool Omnibus,Hugh Howey,Fantasy,2012
96,The Restaurant at the End of the Universe,Douglas Adams,Fantasy,1980
24,The Honor of the Queen,David Weber,Fantasy,1993
1186,Flashpoint,Geoff Johns,Sci Fi,2011
256,The Restaurant at the End of the Universe,Douglas Adams,Sci Fi,1980
312,The Fall of Hyperion,Dan Simmons,Sci Fi,1990
464,The Ruins of Gorlan,John Flanagan,Non-Fiction,2004
10,Old Man's War,John Scalzi,Non-Fiction,2005
17,Wool Omnibus,Hugh Howey,Non-Fiction,2012
702,Spinning Silver,Naomi Novik,Non-Fiction,2018
812,"To Be Taught, If Fortunate",Becky Chambers,Sci Fi,2019
67,The Naked God,Peter F. Hamilton,Non-Fiction,1999
324,Flesh & Bone,Jonathan Maberry,Sci Fi,2012
292,Unravel Me,Tahereh Mafi,Sci Fi,2013
189,The Eternity Cure,Julie Kagawa,Non-Fiction,2013
1195,The Restaurant at the End of the Universe,Douglas Adams,Non-Fiction,1980
179,Archangel's Kiss,Nalini Singh,Non-Fiction,2010
354,"Y: The Last Man, Vol. 8: Kimono Dragons",Brian K. Vaughan,Sci Fi,2006
19,House of Suns,Alastair Reynolds,Sci Fi,2008
177,Archangel's Consort,Nalini Singh,Non-Fiction,2011
47,Unravel Me,Tahereh Mafi,Fantasy,2013
128,"The Walking Dead, Vol. 4: The Heart's Desire",Robert Kirkman,Fantasy,2005
886,"The Walking Dead, Vol. 4: The Heart's Desire",Robert Kirkman,Sci Fi,2005
55,The Consuming Fire,John Scalzi,Non-Fiction,2018
858,The Eternity Cure,Julie Kagawa,Fantasy,2013
391,The Infernal Devices: Clockwork Angel,Cassandra Clare,Non-Fiction,2012
287,"To Be Taught, If Fortunate",Becky Chambers,Non-Fiction,2019
285,Y: The Last Man Vol. 3: One Small Step,Brian K. Vaughan,Non-Fiction,2004
75,Old Man's War,John Scalzi,Sci Fi,2005
661,The Naked God,Peter F. Hamilton,Sci Fi,1999
305,"The Walking Dead, Vol. 18: What Comes After",Robert Kirkman,Non-Fiction,2013
306,The Iron Queen,Julie Kagawa,Fantasy,2011
905,A Killing Frost,John Marsden,Sci Fi,1995
776,Rule of Two,Drew Karpyshyn,Sci Fi,2007
54,The Testaments,Margaret Atwood,Sci Fi,2019
636,"I, Robot",Isaac Asimov,Sci Fi,1950
675,Ancillary Mercy,Ann Leckie,Non-Fiction,2015
1047,"Captain Underpants and the Big Bad Battle of the Bionic Booger Boy, Part 2: Revenge of the Ridiculous Robo-Boogers",Dav Pilkey,Sci Fi,2003
1107,King of Thorns,Mark  Lawrence,Non-Fiction,2012
1172,The Dispossessed,Ursula K. Le Guin,Fantasy,1974
194,The Invention of Hugo Cabret,Brian Selznick,Non-Fiction,2007
298,Field of Dishonor,David Weber,Non-Fiction,1994
393,The Screaming Staircase,Jonathan Stroud,Non-Fiction,2013
1053,The Dispossessed,Ursula K. Le Guin,Non-Fiction,1974
779,Sky Raiders,Brandon Mull,Non-Fiction,2014
1029,"The Chronicles of Chrestomanci, Vol. 2",Diana Wynne Jones,Fantasy,1982
181,Ancillary Mercy,Ann Leckie,Non-Fiction,2015
1105,Gideon the Ninth,Tamsyn Muir,Non-Fiction,2019
509,The Testaments,Margaret Atwood,Non-Fiction,2019
342,"Y: The Last Man, Vol. 6: Girl on Girl",Brian K. Vaughan,Sci Fi,2005
201,Ancillary Mercy,Ann Leckie,Sci Fi,2015
402,Vicious,V.E. Schwab,Non-Fiction,2013
381,The Testaments,Margaret Atwood,Non-Fiction,2019
98,Look to Windward,Iain M. Banks,Non-Fiction,2000
14,Robots and Empire,Isaac Asimov,Fantasy,1985
249,Look to Windward,Iain M. Banks,Non-Fiction,2000
568,The Ring of Solomon,Jonathan Stroud,Fantasy,2010
908,Cosmicomics,Italo Calvino,Non-Fiction,1965
120,"Life, the Universe and Everything",Douglas Adams,Non-Fiction,1982
940,"I, Robot",Isaac Asimov,Sci Fi,1950
929,The Ring of Solomon,Jonathan Stroud,Non-Fiction,2010
191,A Darkling Plain,Philip Reeve,Fantasy,2006
455,The Screaming Staircase,Jonathan Stroud,Fantasy,2013
31,Throne of Glass,Sarah J. Maas,Fantasy,2012
0,"I, Robot",Isaac Asimov,Non-Fiction,1950
625,King of Thorns,Mark  Lawrence,Sci Fi,2012
1244,"I, Robot",Isaac Asimov,Non-Fiction,1950
109,"Life, the Universe and Everything",Douglas Adams,Non-Fiction,1982
358,"Life, the Universe and Everything",Douglas Adams,Non-Fiction,1982
665,A Killing Frost,John Marsden,Sci Fi,1995
14,Field of Dishonor,David Weber,Non-Fiction,1994
881,Ancillary Mercy,Ann Leckie,Sci Fi,2015
715,Now I Rise,Kiersten White,Non-Fiction,2017
1217,The Screaming Staircase,Jonathan Stroud,Fantasy,2013
188,Abhorsen,Garth Nix,Sci Fi,2003
69,Excession,Iain M. Banks,Non-Fiction,1996
52,The Alloy of Law,Brandon Sanderson,Non-Fiction,2011
484,The Testaments,Margaret Atwood,Fantasy,2019
766,The Republic of Thieves,Scott Lynch,Non-Fiction,2013
682,Robots and Empire,Isaac Asimov,Fantasy,1985
920,The Alloy of Law,Brandon Sanderson,Fantasy,2011
379,"Life, the Universe and Everything",Douglas Adams,Sci Fi,1982
1131,The Dispossessed,Ursula K. Le Guin,Sci Fi,1974
131,The Invention of Hugo Cabret,Brian Selznick,Sci Fi,2007
276,Broken Dove,Kristen Ashley,Non-Fiction,2013
362,The City of Mirrors,Justin Cronin,Non-Fiction,2016
51,Excession,Iain M. Banks,Sci Fi,1996
36,"I, Robot",Isaac Asimov,Fantasy,1950
551,Broken Dove,Kristen Ashley,Non-Fiction,2013
182,Robots and Empire,Isaac Asimov,Non-Fiction,1985
53,Field of Dishonor,David Weber,Non-Fiction,1994
180,The Dispossessed,Ursula K. Le Guin,Non-Fiction,1974
443,In the Hand of the Goddess,Tamora Pierce,Sci Fi,1984
279,"I, Robot",Isaac Asimov,Non-Fiction,1950
563,Throne of Glass,Sarah J. Maas,Sci Fi,2012
262,Kushiel's Scion,Jacqueline Carey,Sci Fi,2006
459,Excession,Iain M. Banks,Non-Fiction,1996
1197,A Darkling Plain,Philip Reeve,Fantasy,2006
28,Ancillary Mercy,Ann Leckie,Non-Fiction,2015
652,Look to Windward,Iain M. Banks,Fantasy,2000
277,Now I Rise,Kiersten White,Non-Fiction,2017
259,Gideon the Ninth,Tamsyn Muir,Fantasy,2019
147,The Dispossessed,Ursula K. Le Guin,Non-Fiction,1974
59,The City of Mirrors,Justin Cronin,Sci Fi,2016
763,"Y: The Last Man, Vol. 6: Girl on Girl",Brian K. Vaughan,Fantasy,2005
639,Midnight Rising,Lara Adrian,Non-Fiction,2008
